{"stats":{"minecraft:custom":{"minecraft:time_since_rest":1175274,"minecraft:sprint_one_cm":32591,"minecraft:walk_one_cm":153526,"minecraft:mob_kills":601,"minecraft:interact_with_anvil":6,"minecraft:drop":78,"minecraft:damage_dealt":9,"minecraft:damage_dealt_absorbed":42126,"minecraft:fly_one_cm":13203561,"minecraft:play_one_minute":1175274,"minecraft:crouch_one_cm":2225,"minecraft:sneak_time":71936,"minecraft:jump":170,"minecraft:leave_game":34,"minecraft:time_since_death":1175274},"minecraft:picked_up":{"minecraft:lead":2,"minecraft:rotten_flesh":3,"minecraft:redstone_torch":1,"minecraft:observer":1},"minecraft:dropped":{"minecraft:diamond_sword":68,"minecraft:redstone_torch":1,"minecraft:observer":1,"minecraft:carrot_on_a_stick":8},"minecraft:used":{"minecraft:redstone_torch":1584,"minecraft:purple_stained_glass":110,"minecraft:sticky_piston":383,"minecraft:piston":16,"minecraft:lever":69,"minecraft:honey_block":117,"minecraft:black_concrete":1651,"minecraft:flint_and_steel":6,"minecraft:orange_concrete":4012,"minecraft:light_gray_concrete":2,"minecraft:yellow_stained_glass":58,"minecraft:red_concrete":1117,"minecraft:redstone":7415,"minecraft:carrot_on_a_stick":956,"minecraft:stone_button":33,"minecraft:oak_sign":107,"minecraft:cyan_concrete":2242,"minecraft:magenta_concrete":1214,"minecraft:redstone_block":691,"minecraft:magenta_stained_glass":39,"minecraft:orange_stained_glass":35,"minecraft:diamond_sword":602,"minecraft:purple_concrete":235,"minecraft:repeater":942,"minecraft:redstone_lamp":43,"minecraft:lime_concrete":313,"minecraft:anvil":11,"minecraft:light_blue_concrete":220,"minecraft:iron_trapdoor":3,"minecraft:blue_stained_glass":9,"minecraft:yellow_glazed_terracotta":1,"minecraft:lime_stained_glass":2,"minecraft:yellow_concrete":3301,"minecraft:magenta_glazed_terracotta":54,"minecraft:blue_concrete":455,"minecraft:observer":33,"minecraft:light_blue_stained_glass":16,"minecraft:cyan_stained_glass":57}},"DataVersion":2578}